Channel #,Time(s),SPR pixel position,SPR angle,Refractive Index
1,0,72.8075392,68.8057054422207,1.33027598472266
1,1.747,72.8093056,68.8055967401379,1.33027508405531
1,3.385,72.8252416,68.8046160671967,1.33026695832949
1,5.132,72.8130112,68.8053687027121,1.3302731946018
1,6.879,72.8425728,68.8035495543169,1.33025812090862
1,8.627,72.8103104,68.8055349060699,1.3302745717178
1,10.374,72.8210368,68.8048748215143,1.33026910237078
1,13.759,72.8178304,68.8050721371995,1.33027073731285
1,15.506,72.8172224,68.8051095524226,1.33027104733066
1,17.253,72.8077184,68.8056944144642,1.33027589335075
1,19.001,72.8198272,68.8049492578943,1.33026971914653
1,20.748,72.8193216,68.8049803715408,1.33026997695184
1,22.495,72.8292864,68.8043671599857,1.33026489585616
1,24.133,72.8122944,68.8054128135111,1.33027356009301
1,25.896,72.834272,68.8040603596369,1.33026235363964
1,27.643,72.8170496,68.805120186227,1.33027113544091
1,29.390,72.8270208,68.8045065794041,1.3302660511043
1,31.138,72.8129024,68.8053753980992,1.33027325007818
1,32.776,72.8176704,68.8050819833086,1.33027081889652
1,34.523,72.8276416,68.8044683768759,1.33026573455376
1,36.270,72.828896,68.8043911842127,1.3302650949247
1,38.017,72.835776,68.8039678078496,1.33026158672737
1,39.764,72.825824,68.8045802276455,1.33026666136044
1,41.402,72.8297856,68.8043364404964,1.33026464130928
1,43.150,72.8467712,68.803291199541,1.33025598004098
1,44.897,72.8492288,68.8031399679926,1.33025472684205
1,46.644,72.8493888,68.8031301222019,1.33025464525337
1,48.391,72.8675584,68.8020120447049,1.33024537987764
1,50.138,72.8593728,68.8025157480529,1.3302495540695
1,53.524,72.8349696,68.8040174313434,1.33026199792316
1,57.018,72.8461312,68.8033305828192,1.33025630639389
1,58.765,72.85472,68.8028020613776,1.33025192670404
1,62.26,72.848768,68.8031683238789,1.33025496181731
1,63.929,72.8674624,68.8020179520692,1.33024542883258
1,65.676,72.8653056,68.8021506710064,1.33024652868453
1,67.423,72.8473536,68.8032553607802,1.33025568305949
1,69.061,72.8870528,68.8008124679706,1.33023543857122
1,70.809,72.8642752,68.802214076893,1.33024705413146
1,74.303,72.8633856,68.802268818675,1.33024750777734
1,76.05,72.8579072,68.8026059346338,1.33025030143538
1,77.797,72.8625664,68.8023192284177,1.33024792552249
1,79.435,72.8591104,68.8025318949854,1.33024968787752
1,81.183,72.8558336,68.8027335350931,1.33025135884023
1,82.93,72.870816,68.8018115884881,1.33024371866785
1,84.677,72.8494016,68.8031293345387,1.33025463872628
1,86.424,72.8544896,68.8028162392393,1.33025204419295
1,89.81,72.8689664,68.8019254034289,1.33024466187077
1,91.557,72.8590592,68.8025350456068,1.3302497139864
1,93.304,72.8622464,68.8023389197349,1.33024808870401
1,95.051,72.8611456,68.8024066579155,1.33024865004766
1,96.798,72.8613952,68.8023912986702,1.33024852276636
1,98.546,72.8738304,68.8016260981644,1.33024218146827
1,100.184,72.8539968,68.8028465641215,1.3302522954885
1,101.931,72.8700736,68.8018572719678,1.33024409725489
1,103.678,72.8516864,68.802988736825,1.33025347363713
1,105.425,72.8589632,68.8025409530226,1.33024976294053
1,107.172,72.8332032,68.8041261305682,1.3302628986355
1,108.81,72.8257536,68.8045845598978,1.33026669725781
1,110.558,72.8414464,68.803618869202,1.33025869528476
1,112.305,72.8263104,68.804550295729,1.33026641334207
1,114.052,72.8266496,68.8045294221645,1.33026624038175
1,115.799,72.8325376,68.8041670897474,1.33026323803355
1,117.547,72.8362816,68.8039366947276,1.33026132891381
1,119.185,72.7279296,68.810604723268,1.33031657354088
1,120.932,72.3307776,68.8350519560358,1.33051896684636
1,122.679,71.0983488,68.9109790976126,1.33114603036051
1,124.426,70.8426368,68.926744928828,1.3312759485652
1,126.189,70.2414144,68.9638293195793,1.33158115269206
1,133.069,70.5681664,68.9436718894794,1.33141532503554
1,134.816,70.5205056,68.946611679409,1.33143951964066
1,136.563,70.6869184,68.9363477101885,1.33135503177276
1,138.201,70.7912064,68.9299163495412,1.33130207068989
1,140.026,70.69744,68.9356988201206,1.33134968902698
1,141.664,70.9654784,68.9191706597449,1.33121354520143
1,143.411,70.897216,68.9233795218827,1.33124822425555
1,145.159,71.1203392,68.9096234799221,1.33113485478718
1,146.906,71.0598784,68.9133507128219,1.33116557995461
1,150.4,71.2772992,68.8999484270508,1.33105507340526
1,153.786,71.4510592,68.8892396294949,1.33096672421479
1,155.533,71.5748288,68.8816128920989,1.33090377463332
1,159.027,71.6396608,68.8776183010669,1.33087079482029
1,160.774,71.7431616,68.8712417005881,1.33081813567734
1,162.412,71.785056,68.8686608125353,1.33079681761938
1,165.907,71.9287552,68.8598091204523,1.33072368272958
1,167.654,72.019008,68.8542503257472,1.33067773860277
1,169.401,72.0226816,68.8540240745218,1.33067586834724
1,171.148,72.0923776,68.8497317690843,1.33064038308725
1,172.786,72.1214144,68.8479435959305,1.33062559776885
1,174.534,72.1737344,68.8447217077274,1.33059895470925
1,176.281,72.2274688,68.841412899797,1.33057158856283
1,178.028,72.2656256,68.8390634256524,1.330552154121
1,179.775,72.325472,68.8353786167845,1.33052166958258
1,181.523,72.3427456,68.8343151041686,1.33051287010116
1,183.27,72.39344,68.8311940258848,1.33048704375539
1,184.908,72.4394624,68.8283607267361,1.3304635953589
1,186.655,72.4872256,68.8254203990819,1.33043925780253
1,188.418,72.498944,68.8246990302006,1.33043328639061
1,190.165,72.5525376,68.8213999908858,1.33040597465722
1,193.55,72.595712,68.818742453699,1.33038397055945
1,195.297,72.6545536,68.8151207340987,1.33035397859828
1,198.792,72.7263808,68.8107000424496,1.33031736313153
1,200.539,72.7657472,68.8082773278654,1.33029729308658
1,202.286,72.790848,68.8067326078444,1.33028449522354
1,203.924,72.8343808,68.8040536643964,1.33026229816095
1,205.671,72.8556736,68.8027433808188,1.33025144042993
1,207.419,72.8770688,68.801426824697,1.33024053002937
1,209.166,72.9130688,68.799211625639,1.33022217094146
1,210.913,72.9574464,68.7964810375842,1.33019953771972
1,212.66,72.9711232,68.7956395185293,1.3301925619587
1,214.298,73.0099776,68.793248912684,1.33017274351712
1,216.046,73.0095744,68.7932737199977,1.3301729491848
1,217.793,73.0745984,68.78927318091,1.33013977910444
1,219.54,73.094144,68.7880707087651,1.33012980767144
1,221.287,73.1373696,68.7854114960405,1.33010775424295
1,223.034,73.157664,68.7841630374824,1.33009739952836
1,224.672,73.2141952,68.7806855223983,1.33006855372955
1,228.167,73.2264832,68.7799296531008,1.330062283194
1,229.914,73.2762368,68.7768692671113,1.33003689252507
1,231.661,73.2918976,68.7759059903586,1.33002889986763
1,233.408,73.3014912,68.7753159073327,1.33002400355062
1,235.046,73.3191808,68.774227870856,1.33001497501213
1,236.794,73.3546304,68.7720475271805,1.3299968810691
1,238.541,73.384064,68.7702372605038,1.32998185682407
1,240.288,73.3879168,68.7700003042203,1.32997989011648
1,242.035,73.4171776,68.7682007265767,1.32996495311226
1,243.783,73.4289408,68.7674772895335,1.32995894801413
1,245.53,73.4391296,68.7668506851732,1.32995374653414
1,247.168,73.4785088,68.7644289523373,1.32993364210673
1,248.931,73.4985856,68.7631943116115,1.32992339162184
1,250.678,73.5465344,68.7602457601984,1.32989890908744
1,252.425,73.5393344,68.7606885059341,1.32990258553458
1,255.81,73.6198912,68.7557350561423,1.32986144887752
1,257.557,73.6052928,68.7566326836099,1.32986890408759
1,261.052,73.6164032,68.7559495253152,1.32986323017228
1,262.799,73.6527872,68.7537123937808,1.32984464854949
1,264.546,73.6491264,68.7539374804599,1.32984651821109
1,266.184,73.6590144,68.7533295122625,1.32984146813303
1,267.931,73.657664,68.75341254186,1.32984215782579
1,269.679,73.6779392,68.7521659294766,1.32983180243797
1,271.426,73.6998144,68.750820970812,1.32982062940605
1,273.173,73.6963264,68.75103542241,1.32982241097749
1,274.92,73.7366272,68.7485576678669,1.32980182573605
1,276.558,73.7423232,68.7482074773733,1.32979891614679
1,278.306,73.7609792,68.7470605194592,1.32978938619921
1,280.053,73.7636736,68.7468948714331,1.32978800980431
1,281.8,73.7716736,68.746403045074,1.32978392307865
1,283.547,73.7787072,68.7459706346722,1.32978032997697
1,285.294,73.8046976,68.7443728285686,1.32976705240282
1,286.932,73.803232,68.7444629278044,1.32976780114375
1,290.427,73.83136,68.7427337543209,1.32975343083104
1,292.174,73.8347456,68.7425256273603,1.32975170110906
1,293.921,73.846496,68.7418032868426,1.32974569767569
1,295.668,73.8629632,68.7407910018425,1.3297372841368
1,297.416,73.8799104,68.7397492277455,1.32972862507188
1,299.054,73.8936896,68.7389022095088,1.32972158446648
1,300.801,73.9192192,68.7373329165967,1.32970853939117
1,302.548,73.9691648,68.7342629020851,1.32968301639549
1,304.295,73.9558784,68.7350795640929,1.32968980619883
1,306.043,73.9442752,68.7357927756146,1.32969573568628
1,307.79,73.9462144,68.735673578614,1.32969474472222
1,309.537,73.9578752,68.7349568280517,1.32968878577715
1,311.191,73.9983296,68.7324702971959,1.32966811157406
1,312.938,74.0168064,68.7313346544771,1.32965866847332
1,314.685,74.0203648,68.7311159464008,1.32965684981161
1,316.432,74.0470208,68.729477628016,1.32964322580402
1,318.07,73.9767744,68.7337951753406,1.32967912755157
1,319.817,73.8841152,68.7394907541209,1.32972647661172
1,321.565,73.9196096,68.737308919205,1.32970833990016
1,323.312,73.9837248,68.7333679697462,1.32967557553794
1,325.059,73.9795072,68.7336272037169,1.32967773095524
1,326.806,73.9812288,68.7335213857694,1.32967685112846
1,328.444,74.0236992,68.7309110066438,1.3296551456226
1,330.191,74.0516032,68.7291959912405,1.32964088364668
1,331.939,74.0923264,68.7266931795619,1.32962006827984
1,333.686,74.2665856,68.7159845448993,1.32953097836947
1,335.433,74.9299776,68.6752350741806,1.32919154385524
1,337.18,75.886816,68.6165092536844,1.32870119374738
1,338.818,76.7704576,68.5623271411641,1.32824754768933
1,342.313,77.7694912,68.5011288436926,1.32773372805117
1,344.06,78.1746816,68.4763258293509,1.3275250495225
1,345.807,78.4703168,68.4582355739638,1.32737269058612
1,347.554,78.731392,68.4422646659232,1.32723807041053
1,349.192,78.9046272,68.4316696179343,1.32714870650096
1,350.94,79.1321344,68.4177581736075,1.32703130097053
1,352.687,79.2938368,68.4078724970592,1.32694782290292
1,354.434,79.4264192,68.3997683016579,1.32687935853009
1,356.181,79.5217664,68.3939408199218,1.32683011129903
1,357.928,79.6831616,68.3840778869727,1.32674672943463
1,359.676,79.8213568,68.3756340214804,1.32667531287859
1,361.314,79.932448,68.3688471105571,1.32661788939299
1,363.061,80.0135296,68.3638940716778,1.3265759702574
1,364.808,80.097216,68.3587823478003,1.32653269759929
1,366.555,80.1318144,68.3566691409749,1.32651480538874
1,368.303,80.2383296,68.3501638616838,1.32645971467791
1,370.05,80.2776384,68.3477633078049,1.32643938093475
1,371.703,80.3321472,68.3444346644802,1.32641118196419
1,373.451,80.3395008,68.3439856226757,1.32640737750959
1,375.198,80.3867968,68.3410976110822,1.32638290719344
1,376.945,80.3859328,68.3411503678102,1.32638335423536
1,378.692,80.3944,68.3406333539051,1.32637897319259
1,380.33,80.4129664,68.33949969071,1.32636936643929
1,382.077,80.42816,68.3385719866356,1.32636150460863
1,383.825,80.4221504,68.3389389242918,1.32636461426491
1,385.572,80.4244288,68.3387998081499,1.32636343531531
1,387.319,80.4240448,68.3388232546677,1.32636363401504
1,389.066,80.4398528,68.3378580473694,1.32635545408841
1,390.704,80.451232,68.3371632641753,1.32634956571241
1,392.451,80.463584,68.3364090936826,1.32634317379772
1,395.93,80.4717056,68.3359132220561,1.3263389709485
1,397.678,80.4643456,68.3363625933298,1.32634277967989
1,399.425,80.4851712,68.3350910768437,1.32633200248686
1,401.172,80.4957184,68.3344471231779,1.3263265441745
1,402.919,80.4734272,68.3358081087466,1.32633808002879
1,404.557,80.4891328,68.3348492026481,1.32632995232059
1,406.304,80.4848,68.3351137403893,1.32633219458565
1,408.052,80.5098496,68.3335843612981,1.32631923092275
1,409.799,80.4860032,68.335040279273,1.32633157192012
1,411.546,80.496576,68.334394763176,1.32632610035056
1,414.931,80.5137472,68.3333464006577,1.32631721378176
1,416.678,80.4985152,68.3342763672233,1.32632509677582
1,418.426,80.5148608,68.3332784120792,1.32631663745299
1,420.173,80.517248,68.3331326667117,1.32631540198545
1,421.92,80.5170048,68.3331475147488,1.32631552785103
1,423.667,80.5204288,68.3329384703594,1.32631375579069
1,425.414,80.5171712,68.3331373555651,1.32631544173248
1,427.052,80.53392,68.332114803585,1.32630677342847
1,430.547,80.5313344,68.3322726591368,1.32630811161814
1,432.31,80.5254912,68.3326293986071,1.32631113576987
1,433.948,80.539232,68.3317904977094,1.32630402415659
1,437.442,80.5521024,68.3310047471152,1.3262973628528
1,439.189,80.5510336,68.3310699980101,1.32629791603545
1,440.937,80.5411072,68.3316760142529,1.3263030536238
1,442.684,80.54096,68.3316850010008,1.32630312980909
1,444.322,80.555808,68.3307785185222,1.32629544492332
1,446.069,80.5481024,68.3312489499358,1.32629943314135
1,447.816,80.5632704,68.3303229381797,1.3262915825231
1,449.563,80.5436032,68.3315236304738,1.32630176178293
1,451.311,80.5893248,68.3287323417149,1.32627809681423
1,453.058,80.5653504,68.3301959545762,1.32629050594373
1,454.805,80.5768768,68.3294922749965,1.32628453995988
1,456.443,80.5663424,68.3301353932613,1.32628999249667
1,458.19,80.5755072,68.3295758877895,1.32628524886214
1,459.937,80.5780864,68.3294184301514,1.32628391387175
1,461.685,80.5593472,68.3305624495345,1.32629361310575
1,463.432,80.5642624,68.3302623767348,1.32629106907809
1,465.179,80.5565504,68.3307331947632,1.32629506067328
1,466.817,80.5538496,68.3308980796397,1.32629645854578
1,468.564,80.5313088,68.3322742220652,1.32630812486751
1,470.312,80.5497536,68.3311481428892,1.32629857852816
1,472.059,80.541312,68.3316635109536,1.32630294762683
1,473.806,80.5576768,68.3306644277468,1.32629447767219
1,475.553,80.5538176,68.3309000332547,1.3262964751082
1,477.191,80.555104,68.3308214979811,1.32629580929784
1,478.938,80.5441664,68.3314892464958,1.32630147028978
1,480.686,80.534048,68.3321069889647,1.32630670718128
1,482.433,80.5286592,68.3324359853741,1.32630949617374
1,484.18,80.5410816,68.3316775771655,1.32630306687342
1,485.927,80.5385152,68.3318342593623,1.32630439514431
1,487.674,80.5390528,68.3318014381196,1.32630411690356
1,491.06,80.5326976,68.3321894332612,1.32630740608828
1,492.807,80.5314432,68.3322660166917,1.32630805530832
1,494.57,80.5304704,68.3323254079919,1.32630855878401
1,496.317,80.5312896,68.3322753942615,1.32630813480454
1,497.955,80.5293568,68.3323933954745,1.32630913513003
1,499.702,80.5557696,68.3307808628555,1.3262954647983
1,501.449,80.5236224,68.3327434931746,1.3263121029613
1,503.197,80.5527808,68.3309633304168,1.32629701173029
1,504.944,80.5470656,68.3313122474715,1.32629996975755
1,508.329,80.5451648,68.3314282931296,1.32630095355115
1,510.076,80.542528,68.3315892726689,1.32630231826899
1,513.571,80.5549952,68.3308281402638,1.32629586561022
1,515.318,80.5438912,68.3315060477553,1.32630161272398
1,517.081,80.5568512,68.3307148308362,1.32629490498561
1,518.719,80.5562688,68.3307503865298,1.32629520642336
1,520.466,80.5656576,68.3301772000978,1.32629034694087
1,522.213,80.5575808,68.3306702885689,1.32629452735983
1,523.96,80.5580288,68.3306429380705,1.32629429548409
1,525.708,80.5681152,68.3300271644853,1.32628907491465
1,527.346,80.569856,68.3299208894901,1.32628817389245
1,530.84,80.5557248,68.3307835979112,1.32629548798579
1,532.587,80.5559296,68.3307710948007,1.32629538198585
1,534.334,80.554528,68.3308566630161,1.32629610742209
1,536.082,80.5658624,68.3301646971155,1.32629024093892
1,537.72,80.5525376,68.3309781779091,1.32629713760445
1,539.467,80.5482496,68.3312399632541,1.32629935695501
1,541.214,80.560128,68.3305147816182,1.32629320897796
1,542.961,80.529184,68.3324039452633,1.32630922456292
1,544.708,80.5576704,68.3306648184682,1.3262944809847
1,546.456,80.5585664,68.3306101174892,1.32629401723294
1,549.856,80.5737088,68.3296856785993,1.32628617970761
1,551.604,80.5414976,68.331652179841,1.32630285156705
1,553.351,80.5451072,68.3314318096683,1.32630098336302
1,555.114,80.5408,68.3316947692067,1.32630321261917
1,556.752,80.5603072,68.3305038414461,1.32629311622723
1,558.499,80.5647872,68.3302303378019,1.32629079744872
1,560.246,80.535936,68.3319917234348,1.3263057300334
1,561.993,80.547968,68.331257155168,1.32629950270277
1,563.741,80.5570432,68.3307031091836,1.32629480561046
1,565.488,80.542592,68.3315853653934,1.32630228514485
1,567.126,80.5538944,68.3308953445787,1.32629643535838
1,568.873,80.542272,68.3316049017737,1.3263024507655
1,570.62,80.542432,68.3315951335828,1.32630236795519
1,572.367,80.5515264,68.3310399122592,1.32629766097533
1,574.115,80.5537024,68.3309070662694,1.32629653473293
1,575.862,80.5338816,68.3321171479713,1.32630679330262
1,577.5,80.5470336,68.3313142011002,1.32629998631976
1,579.247,80.5289792,68.3324164487191,1.32630933055742
1,580.994,80.5613248,68.3304417169359,1.326292589535
1,582.741,80.5530624,68.3309461385883,1.32629686598118
1,584.489,80.5424832,68.331592007762,1.32630234145588
1,586.236,80.5617856,68.3304135851036,1.32629235103253
1,587.983,80.5390784,68.3317998752038,1.326304103654
1,589.621,80.5507264,68.3310887527716,1.32629807503385
1,591.368,80.5454016,68.3314138362507,1.3263008309912
1,593.116,80.5398784,68.3317510341038,1.32630368960472
1,594.863,80.5603072,68.3305038414461,1.32629311622723
1,596.61,80.5484224,68.331229413673,1.32629926751885
1,598.357,80.5658048,68.330168213579,1.32629027075197
1,599.995,80.5726464,68.3297505373229,1.32628672960058
1,601.742,80.5659008,68.3301623528067,1.32629022106354
1,603.49,80.4505856,68.3372027313934,1.3263499002074
1,605.237,80.0720576,68.3603190241264,1.32654570726384
1,606.984,75.7459584,68.6251507457861,1.32877343595045
1,608.731,71.3483648,68.8955684368533,1.33101894334688
1,610.369,68.6098304,69.0645829503468,1.33240760106577
1,612.116,66.8690944,69.172261982592,1.3332864252554
1,613.864,66.1868736,69.2145151314053,1.33363002948305
1,615.626,65.1249088,69.2803460023418,1.33416397467992
1,617.374,64.4701888,69.3209673224749,1.33449260354805
1,619.012,64.092064,69.3444399345894,1.3346822049621
1,620.759,63.368192,69.3894004203328,1.33504477698294
1,622.506,62.941984,69.4158881189662,1.33525801222135
1,624.253,62.7155136,69.4299673139716,1.33537124380591
1,626.001,62.4231936,69.4481450223996,1.33551732388297
1,627.748,62.2844544,69.4567743046759,1.33558662587285
1,629.386,62.2211776,69.4607103895932,1.33561822709352
1,631.133,62.1258624,69.466639875155,1.33566582118822
1,632.88,62.0788416,69.4695652140638,1.33568929693863
1,634.627,62.0738624,69.4698749967825,1.33569178274098
1,636.375,62.0513664,69.4712746129961,1.33570301327648
1,638.122,62.0520704,69.4712308122896,1.33570266183064
1,639.76,62.0294848,69.4726360341699,1.33571393660709
1,641.507,62.057696,69.4708808059483,1.33569985344117
1,643.254,62.049664,69.4713805311973,1.3357038631344
1,645.001,62.0614976,69.4706442840214,1.33569795560388
1,646.749,62.0544704,69.4710814919341,1.3357014637161
1,648.652,62.0806272,69.4694541226984,1.33568840549452
1,650.399,62.0796288,69.4695162382758,1.33568890393678
1,652.146,62.0861888,69.4691081082283,1.33568562889743
1,653.894,62.0942656,69.4686056142767,1.33568159654641
1,655.532,62.0981184,69.4683659157581,1.33567967300909
1,657.279,62.099648,69.4682707533167,1.33567890934151
1,659.026,62.1051584,69.4679279308491,1.33567615820184
1,660.773,62.1178432,69.4671387695635,1.33566982503408
1,662.52,62.1139904,69.4673784632911,1.33567174864683
1,664.268,62.1257984,69.4666438567383,1.33566585314255
1,665.906,62.1233216,69.4667979442136,1.33566708977199
1,667.653,62.1426304,69.4655967092057,1.33565744901376
1,669.4,62.1290304,69.4664427871003,1.33566423944382
1,671.147,62.1601152,69.4645089687815,1.33564871864762
1,672.894,62.1449856,69.4654501896066,1.3356562730524
1,674.642,62.152928,69.4649560866888,1.33565230733778
1,676.295,62.1605056,69.4644846819715,1.33564852371285
1,678.042,62.1647424,69.4642211109794,1.3356464081815
1,679.79,62.1712832,69.463814210552,1.33564314217517
1,681.537,62.1736512,69.4636668989292,1.33564195975536
1,683.284,62.170848,69.4638412840779,1.33564335948415
1,684.922,62.17712,69.463451107947,1.33564022766008
1,686.669,62.1872448,69.4628212574258,1.33563517191885
1,688.417,62.1920576,69.4625218617199,1.33563276864841
1,690.164,62.2115328,69.4613103591657,1.33562304347755
1,691.911,62.1908672,69.4625959142452,1.33563336307648
1,693.658,62.210944,69.4613469865625,1.33562333750729
1,695.296,62.2070016,69.4615922314342,1.33562530621932
1,697.043,62.218656,69.4608672490214,1.33561948632958
1,698.791,62.2136128,69.4611809690804,1.33562200478276
1,700.538,62.2316864,69.460056680252,1.33561297914332
1,702.285,62.2363584,69.4597660565321,1.33561064597558
1,704.032,62.2413056,69.4594583153808,1.33560817535105
1,705.67,62.2524032,69.458767993495,1.33560263313729
1,707.417,62.2560512,69.4585410727714,1.33560081127562
1,709.165,62.264736,69.4580008455829,1.3355964739132
1,710.928,62.2701568,69.4576636538674,1.33559376661957
1,714.422,62.2737152,69.457442310608,1.33559198944284
1,716.06,62.26208,69.4581660582567,1.33559780038055
1,717.807,62.2926336,69.4562655422226,1.33558254078865
1,719.554,62.2703104,69.4576540994657,1.33559368990717
1,721.302,62.28928,69.4564741422802,1.33558421574513
1,723.049,62.296672,69.4560143472927,1.33558052379379
1,724.687,62.2965696,69.4560207167236,1.33558057493808
1,726.434,62.2967488,69.45600957022,1.33558048543557
1,728.181,62.3111744,69.4551122833262,1.33557328037932
1,729.928,62.297664,69.4559526434657,1.33558002833299
1,731.676,62.3220032,69.4544387296466,1.33556787165657
1,733.314,62.3079168,69.4553149081905,1.33557490744867
1,735.061,62.3297728,69.4539554634173,1.33556399085825
1,736.824,62.3299776,69.4539427249849,1.33556388856292
1,738.571,62.336544,69.4535343004001,1.33556060869686
1,740.318,62.3488704,69.4527676159763,1.33555445163973
1,741.956,62.3427264,69.4531497627784,1.33555752059671
1,743.703,62.363936,69.4518305702445,1.33554692614291
1,745.451,62.3693312,69.4514950046707,1.3355442311035
1,747.198,62.3629888,69.4518894834884,1.33554739929038
1,748.945,62.3759872,69.4510810235732,1.33554090622266
1,750.692,62.3933952,69.4499983169843,1.3355322101726
1,752.33,62.4100992,69.448959414285,1.33552386551827
1,754.077,62.4131584,69.4487691497194,1.33552233723356
1,755.825,62.4040768,69.4493339744948,1.33552687410181
1,757.572,62.4286144,69.4478078848366,1.33551461573683
1,759.319,62.431136,69.4476510587857,1.33551335597532
1,761.066,62.4442176,69.4468374803264,1.33550682046154
1,762.704,62.4470592,69.4466607553163,1.33550540078737
1,764.451,62.4544704,69.4461998397798,1.33550169808593
1,766.199,62.4670272,69.4454189182511,1.33549542447255
1,767.946,62.4759488,69.4448640799432,1.33549096697835
1,769.693,62.4637888,69.4456203170417,1.33549704245305
1,771.44,62.487648,69.4441365090494,1.33548512159364
1,773.078,62.492192,69.4438539209304,1.33548285119424
1,774.826,62.5179456,69.4422523475105,1.33546998307863
1,776.573,62.4978624,69.4435012846244,1.33548001796287
1,778.32,62.5157312,69.4423900557092,1.33547108955777
1,780.067,62.519456,69.4421584195523,1.33546922836751
1,781.814,62.5158016,69.4423856776981,1.33547105438077
1,783.452,62.5341504,69.4412446194652,1.33546188580565
1,785.2,62.5278272,69.4416378383916,1.33546504543606
1,790.441,62.570752,69.4389685363578,1.33544359562686
1,792.188,62.5405888,69.4408442392211,1.33545866857034
1,793.826,62.5574336,69.439796735876,1.33545025111595
1,795.574,62.567712,69.4391575765891,1.33544511479533
1,797.336,62.5856256,69.4380436405508,1.33543616276301
1,799.099,62.5642816,69.4393708942657,1.335446829046
1,800.737,62.587264,69.4379417595935,1.33543534398317
1,802.484,62.584832,69.4380929892003,1.33543655935854
1,804.232,62.5847168,69.4381001527172,1.33543661692881
1,805.979,62.6021696,69.4370148894388,1.33542789488329
1,807.726,62.5924224,69.4376209948722,1.33543276608863
1,809.473,62.593312,69.4375656770563,1.33543232151109
1,811.111,62.610176,69.4365170358123,1.33542389357974
1,812.859,62.616256,69.4361389722089,1.33542085497739
1,814.653,62.6297216,69.4353016691141,1.33541412514221
1,816.4,62.619232,69.4359539208736,1.33541936764813
1,818.038,62.6419712,69.4345399879202,1.33540800288297
1,819.785,62.6346368,69.4349960404141,1.33541166857959
1,821.532,62.6354432,69.4349458983509,1.33541126554749
1,823.279,62.653056,69.4338507422451,1.33540246265378
1,825.027,62.6352832,69.4349558471697,1.33541134551423
1,826.774,62.6515264,69.4339458513204,1.33540322716148
1,828.459,62.644544,69.4343800121945,1.33540671699769
1,830.237,62.65392,69.4337970196108,1.33540203081786
1,831.891,62.6714496,69.4327070572175,1.33539326918686
1,833.638,62.6488192,69.4341141828068,1.33540458023846
1,835.385,62.6520384,69.4339140156302,1.33540297125958
1,837.132,62.6475648,69.4341921805317,1.33540520719365
1,838.88,62.673376,69.4325872779388,1.33539230631651
1,840.518,62.679168,69.4322271456362,1.33538941128548
1,842.265,62.6727808,69.4326242861295,1.33539260381505
1,844.012,62.6805952,69.4321384061781,1.33538869791913
1,845.759,62.6722816,69.4326553252744,1.33539285332969
1,847.506,62.6995776,69.4309581438046,1.33537920963453
1,849.254,62.6917568,69.4314444123343,1.3353831188767
1,850.892,62.71824,69.4297978001101,1.33536988095215
1,852.639,62.6932992,69.4313485112797,1.33538234790985
1,854.386,62.6864704,69.4317731033937,1.33538576125968
1,856.133,62.709856,69.4303190766255,1.33537407186388
1,857.88,62.6879936,69.4316783956196,1.33538499989794
1,859.534,62.7141376,69.4300528669201,1.33537193162836
1,861.281,62.7188352,69.4297607936252,1.33536958342675
1,863.028,62.7139904,69.430062019103,1.33537200520926
1,864.776,62.7276416,69.429213259426,1.33536518128952
1,866.523,62.7340736,69.4288133556331,1.3353619660171
1,868.27,62.7422144,69.4283072124826,1.33535789647912
1,869.908,62.7353216,69.428735762662,1.33536134215352
1,871.655,62.7425152,69.4282885107324,1.33535774610971
1,873.403,62.7469248,69.4280143516873,1.33535554174785
1,875.15,62.7482368,69.4279327806551,1.33535488587449
1,876.897,62.7480512,69.4279443199652,1.33535497865668
1,878.644,62.7546112,69.4275364663551,1.33535169926544
1,880.282,62.7526976,69.4276554399572,1.33535265589227
1,883.777,62.7540864,69.4275690945441,1.33535196161831
1,885.524,62.7807552,69.4259110474558,1.33533862926731
1,887.271,62.7706688,69.4265381317471,1.33534367177536
1,888.909,62.7851072,69.4256404800722,1.33533645353469
1,890.656,62.794496,69.4250567747982,1.33533175964749
1,892.403,62.783712,69.4257272206622,1.33533715105102
1,894.151,62.7698432,69.426589460631,1.33534408451425
1,895.898,62.776672,69.4261649044101,1.33534067059936
1,897.645,62.78688,69.425530263995,1.33533556723821
1,899.283,62.7942528,69.4250718945647,1.33533188123531
1,901.03,62.809152,69.4241456168011,1.33532443227311
1,902.778,62.8028992,69.4245343493645,1.33532755843227
1,904.525,62.8314624,69.4227586136377,1.33531327761619
1,906.272,62.7922048,69.4251992190627,1.33533290513042
1,908.019,62.8130688,69.4239021131142,1.3353224740042
1,909.657,62.813728,69.4238611313796,1.33532214442477
1,911.404,62.8250752,69.4231556928061,1.33531647111118
1,913.152,62.8109888,69.4240314245922,1.33532351393648
1,914.899,62.8207168,69.4234266471018,1.33531865021629
1,916.646,62.8256576,69.423119486082,1.33531617992244
1,918.393,62.8289152,69.4229169675468,1.33531455117917
1,920.14,62.8049664,69.4244058325943,1.33532652491618
1,923.541,62.8376896,69.4223714838183,1.33531016407959
1,925.288,62.8355968,69.4225015878117,1.33531121046258
1,927.036,62.835936,69.4224805006013,1.33531104086563
1,928.674,62.8380736,69.4223476115559,1.33530997208224
1,932.168,62.83184,69.422735139098,1.33531308882114
1,933.915,62.8235904,69.4232480001556,1.33531721348097
1,935.663,62.8362752,69.4224594133982,1.33531087126857
1,937.41,62.82848,69.4229440230295,1.3353147687722
1,939.048,62.8096512,69.4241145819637,1.33532418269066
1,942.542,62.803136,69.4245196276156,1.3353274400421
1,944.289,62.7982016,69.4248263977635,1.33532990702581
1,946.037,62.8000448,69.4247118064002,1.33532898550943
1,947.784,62.8082176,69.4242037076928,1.33532489943958
1,949.422,62.7963136,69.4249437745555,1.33533085093666
1,952.916,62.8064768,69.4243119319667,1.33532576977481
1,954.663,62.7987776,69.4247905879394,1.3353296190523
1,956.411,62.7972224,69.4248872745123,1.33533039658001
1,958.158,62.8063232,69.4243214811765,1.33532584656896
1,959.796,62.7982592,69.4248228167801,1.33532987822847
1,963.29,62.8147776,69.4237958789655,1.33532161965662
1,965.038,62.788928,69.4254029388095,1.33533454335393
1,966.785,62.811456,69.4240023792211,1.33532328035206
1,968.532,62.8041088,69.4244591491164,1.33532695368189
1,970.17,62.7897024,69.4253547940426,1.3353341561966
1,971.917,62.7847616,69.425661966262,1.33533662631414
1,973.664,62.7873088,69.4255036052624,1.33533535286279
1,975.412,62.8016896,69.4246095497048,1.3353281631812
1,977.159,62.795808,69.4249752077007,1.33533110371218
1,978.906,62.799616,69.4247384647885,1.33532919989027
1,980.544,62.7933504,69.4251279968891,1.3353323323896
1,982.307,62.7874048,69.425497636891,1.33533530486826
1,984.054,62.774016,69.4263300313632,1.33534199841618
1,985.801,62.7623296,69.42705659524,1.33534784072702
1,987.548,62.76192,69.4270820609428,1.3353480454934
1,989.186,62.7583936,69.4273013051652,1.33534980839704
1,992.681,62.7671552,69.4267565782254,1.33534542831061
1,994.428,62.8715392,69.4202671795971,1.33529323895102
1,996.175,63.1385664,69.403669620433,1.33515968288996
1,997.923,64.772128,69.3022305079131,1.33434110163901
1,999.67,65.8969408,69.2324809206226,1.33377591584953
1,1001.0308,69.3398272,69.0194834167734,1.33203816143704
1,1003.0055,71.0618112,68.9132315577439,1.33116459779411
1,1004.0802,74.9089984,68.6765233162265,1.32920228486706
1,1006.0549,75.892352,68.6161696504122,1.32869835407465
1,1008.0297,78.0750592,68.482423078958,1.3275763715103
1,1009.0935,78.5893952,68.4509505873854,1.3273112976829
1,1011.0682,79.6955648,68.3833199898165,1.32674032047953
1,1013.0429,79.8605632,68.3732386903137,1.3266550483322
1,1015.0176,80.4387648,68.3379244781361,1.32635601708726
1,1016.0923,80.6049088,68.3277809737163,1.32627003024288
1,1018.0671,80.8918976,68.310263692933,1.326121436354
1,1020.0418,81.0202048,68.3024337316037,1.32605497642772
1,1022.0056,81.1364928,68.2953381399,1.32599472803216
1,1023.0803,81.256544,68.2880138218711,1.32593251585645
1,1025.55,81.302208,68.2852281019257,1.32590884839121
1,1027.0298,81.4412736,68.2767452524657,1.32583675850888
1,1029.0045,81.5225984,68.2717850936094,1.32579459184694
1,1030.0792,81.5861952,68.2679064907227,1.32576161252556
1,1032.43,81.6325248,68.2650811298442,1.32573758490948
1,1034.0177,81.73168,68.2590347112279,1.32568615354097
1,1035.0924,81.7557312,68.2575681783422,1.32567367681824
1,1037.0672,81.8346624,68.2527555686616,1.32563272669051
1,1039.0419,81.8410112,68.2523684853632,1.32562943261442
1,1041.0166,81.8648832,68.2509130436858,1.3256170462647
1,1042.82,81.8642624,68.2509508925183,1.32561736838337
1,1044.0567,81.9209664,68.2474938725894,1.32558794441949
1,1046.0314,81.9339648,68.2467014398085,1.32558119904092
1,1048.0061,81.9401152,68.2463264913287,1.32557800729917
1,1049.0808,81.9981632,68.2427878130516,1.32554788151885
1,1051.0446,81.9698624,68.2445130384813,1.32556256950008
1,1053.0194,81.961568,68.2450186772119,1.32556687410379
1,1055,82.0074432,68.2422221124046,1.32554306506972
1,1057,81.9922048,68.2431510347429,1.32555097396631
1,1058,82.0083648,68.2421659327746,1.32554258674183
1,1060,82.0252736,68.2411352021229,1.32553381060413
1,1064,82.0163264,68.2416806054229,1.32553845448524
1,1065,82.0287488,68.2409233622878,1.32553200684348
1,1067,82.0216448,68.2413564058572,1.32553569407622
1,1069,82.0482816,68.2397327039369,1.32552186835616
1,1071,82.0421824,68.2401044894959,1.32552503418267
1,1072,82.0530752,68.2394405047606,1.32551938018329
1,1074,82.0465024,68.2398411574044,1.32552279186446
1,1076,82.0533056,68.2394264605109,1.32551926059096
1,1077,82.052576,68.2394709339797,1.32551963929982
1,1079,82.0482112,68.2397369952574,1.32552190489792
1,1081,82.0501888,68.2396164482834,1.32552087840494
1,1083,82.0456192,68.2398949940919,1.32552325029547
1,1084,82.0660864,68.2386474000129,1.32551262645625
1,1086.11,82.0537408,68.2393999324928,1.3255190346942
1,1088,82.0574272,68.239175225054,1.3255171212082
1,1091,82.0564096,68.2392372535843,1.32551764941141
1,1092.99,82.0742272,68.2381511785647,1.32550840072358
1,1095,82.0663552,68.2386310152757,1.32551248692839
1,1096,82.0666432,68.2386134602052,1.32551233743418
1,1098,82.076608,68.2380060579874,1.32550716488367
1,1100,82.0649216,68.2387184005932,1.32551323107614
1,1102,82.0873536,68.2373510692903,1.32550158692333
1,1103.41,82.090848,68.2371380727477,1.32549977298181
1,1105,82.0774784,68.2379530032419,1.32550671306982
1,1107,82.0782336,68.2379069704867,1.32550632105426
1,1110,82.1048128,68.2362868744699,1.32549252373923
1,1112,82.0779136,68.237926475887,1.32550648716262
1,1114,82.0980864,68.2366968680726,1.32549601549298
1,1115,82.0967104,68.2367807396177,1.32549672978531
1,1117,82.0928064,68.2370187013956,1.32549875637193
1,1119,82.0623104,68.2388775670401,1.32551458648288
1,1121,82.0823424,68.2376565217197,1.32550418821391
1,1122,82.0851392,68.2374860455198,1.32550273641113
1,1124.19,82.0950272,68.2368833361353,1.325497603545
1,1126,82.1059392,68.2362182173994,1.32549193900729
1,1129,82112,68.2358487969219,1.32548879272914
1,1131,82.112448,68.2358214903259,1.32548856016225
1,1133,82.0901952,68.2371778632521,1.32550011185093
1,1135,82.076928,68.2379865525607,1.32550699877573
1,1136,82.1158208,68.2356159110739,1.32548680925944
1,1138,82.1009216,68.2365240540559,1.32549454371262
1,1140,82.106752,68.2361686751312,1.32549151706925
1,1141,82.1062784,68.2361975422745,1.32549176292299
1,1143,82.1232128,68.235165355639,1.32548297185232
1,1145,82.090976,68.2371302706911,1.32549970653684
1,1147,82.0971136,68.2367561632921,1.32549652048124
1,1149,82.1151872,68.2356545302714,1.32548713817753
1,1150,82.1224896,68.2352094358022,1.32548334728935
1,1152,82.0954944,68.236854858757,1.32549736101883
1,1154,82.1066752,68.2361733562886,1.32549155693744
1,1156,82.1016064,68.2364823135003,1.32549418822497
1,1157,82.1134336,68.2357614158593,1.3254880485144
1,1159,82.1042944,68.236318472353,1.3254927928484
1,1160.85,82.1090368,68.2360294108681,1.32549033098795
1,1162,82.100576,68.2365451193943,1.32549472311742
1,1164,82.122016,68.2352383024757,1.32548359315049
1,1166,82.1134592,68.2357598554844,1.32548803522483
1,1168,82.1240768,68.2351126935403,1.32548252332068
1,1169,82.107392,68.2361296655005,1.32549118483412
1,1171.24,82.1300224,68.2347503015594,1.32547943673838
1,1173,82.1219392,68.2352429835592,1.32548363301984
1,1175,82.1065536,68.236180768122,1.32549162006206
1,1176,82.1242688,68.235100990858,1.32548242364688
1,1178,82.126944,68.2349379337277,1.3254810348548
1,1180,82.1209408,68.2353038376787,1.32548415132089
1,1183,82.1153536,68.2356443878535,1.32548705179504
1,1185,82.123648,68.2351388295389,1.32548274592536
1,1188,82.1248768,68.2350639323797,1.32548210801294
1,1190,82.1255168,68.2350249234803,1.32548177576629
1,1192,82.1305984,68.2347151937357,1.32547913771347
1,1194,82.1111936,68.2358979488265,1.32548921134903
1,1195,82.111808,68.2358604997526,1.3254888924006
1,1197.12,82.1304448,68.23472455582,1.32547921745348
1,1199,82.124512,68.2350861674639,1.32548229739335
1,1201,82.1126272,68.235810567691,1.32548846713544
1,1202,82.1042688,68.2363200327427,1.32549280613773
1,1205,82.125888,68.2350022983305,1.32548158306305
1,1207,82.1277312,68.2348899528877,1.32548062618975
1,1209,82.1191168,68.2354150136362,1.32548509821448
1,1211,82.118112,68.2354762580252,1.32548561983516
1,1213,82.1155264,68.2356338553444,1.32548696209012
1,1214,82.13264,68.2345907561733,1.32547807783365
1,1216,82.1264448,68.2349683606221,1.32548129400793
1,1218,82.1246592,68.2350771954114,1.32548222097671
1,1220,82.1102528,68.235955292767,1.32548969973809
1,1221,82.1245632,68.2350830467498,1.32548227081365
1,1223.11,82.1133248,68.2357680474533,1.32548810499505
1,1226,82.121408,68.2352753610637,1.3254839087827
1,1228,82.1146688,68.2356861278156,1.32548740729203
1,1230,82.1156416,68.2356268336727,1.32548690228682
1,1232,82.1105728,68.2359357880191,1.32548953361946
1,1233.5,82.1373568,68.2343032634994,1.32547562912996
1,1235,82.1279168,68.2348786403376,1.32548052983774
1,1237,82.1246272,68.2350791458575,1.32548223758902
1,1239,82.100512,68.2365490203837,1.32549475634052
1,1240,82.1314496,68.2346633122122,1.32547869582051
1,1242,82.137728,68.2342806386267,1.32547543642236
1,1244,82.1276224,68.2348965843836,1.32548068267195
1,1246,82.110464,68.2359424196327,1.3254895900998
1,1249,82.1093056,68.2360130268588,1.32549019144864
1,1251,82.1380224,68.2342626947683,1.3254752835852
1,1253,82.120512,68.2353299737621,1.32548437392424
1,1254,82.1126848,68.2358070568446,1.32548843723396
1,1256,82.1290496,68.2348095948204,1.32547994175747
1,1259.38,82.1071424,68.2361448792534,1.32549131440587
1,1261,82.1082816,68.2360754421568,1.3254907230266
1,1263,82.0949184,68.2368899678555,1.32549766002367
1,1265,82.0947648,68.2368993302853,1.32549773975824
1,1266,82.1342848,68.2344905041589,1.32547722394627
1,1268,82.1257216,68.235012440638,1.32548166944728
1,1270,82.113952,68.2357298182748,1.32548777940053
1,1272,82.1086208,68.236054767082,1.32549054694152
1,1273,82.1184768,68.2354540227938,1.32548543045707
1,1275,82.1260672,68.2349913758475,1.32548149003385
1,1278,82.119104,68.2354157938191,1.32548510485934
1,1280,82.1035392,68.2363645038674,1.32549318488349
1,1282,82.12448,68.2350881179103,1.32548231400566
1,1284,82.1211328,68.2352921349585,1.32548405164769
1,1285.37,82.1285952,68.2348372910351,1.32548017765423
1,1287,82.118688,68.235441149769,1.32548532081706
1,1289,82.1188736,68.2354298371131,1.32548522446671
1,1291,82.124768,68.2350705638952,1.32548216449483
1,1292,82.1289152,68.2348177866572,1.32548001152978
1,1294,82.1280896,68.2348681079653,1.32548044013066
1,1295.76,82.126304,68.2349769425695,1.32548136710235
1,1297,82.1389248,68.2342076929755,1.32547481510553
1,1301,82.1452736,68.2338207314588,1.32547151911227
1,1303,82.1268992,68.2349406643458,1.32548105811214
1,1304,82.0942144,68.2369328790043,1.32549802547358
1,1306,82.024544,68.2411796768811,1.32553418929269
1,1308,81.9843008,68.2436328628892,1.32555507613815
1,1310,81.9397184,68.2463506814812,1.32557821321912
1,1311,81.926112,68.2471801756211,1.32558527418628
1,1313,81.893632,68.2491603181772,1.32560212876254
1,1315,81.8836416,68.2497693960897,1.32560731278717
1,1317,81.845696,68.252082856978,1.32562700187941
1,1318,81.8678848,68.2507300429719,1.32561548879893
1,1320,81.831424,68.2529530133388,1.32563440691955
1,1321.64,81.8479872,68.251943164911,1.32562581306938
1,1323,81.8189632,68.2537127522851,1.32564087205163
1,1325,81.858432,68.251306360575,1.32562039362356
1,1327,81.8198336,68.2536596834018,1.32564042046035
1,1329,81.8436096,68.2522100628913,1.32562808442256
1,1330,81.8113984,68.2541739853266,1.32564479687944
1,1332,81.817984,68.2537724548359,1.32564138009092
1,1334,81.822176,68.2535168659089,1.3256392051448
1,1336,81.822496,68.2534973553492,1.32563903911766
1,1337,81.8082816,68.2543640206326,1.32564641394511
1,1339,81.8377024,68.252570220999,1.32563114939092
1,1341,81.8204736,68.2536206621945,1.32564008840746
1,1344,81.8398976,68.2524363808386,1.32563001040889
1,1346,81.822976,68.2534680895219,1.32563879007677
1,1347.63,81.8418752,68.252315807893,1.32562898432477
1,1349,81.8215232,68.2535566674705,1.32563954383985
1,1351,81.8432128,68.252234255458,1.32562829030451
1,1353,81.8329216,68.2528617048486,1.32563362989793
1,1355,81.845216,68.2521121221178,1.32562725093113
1,1356,81.8389952,68.2524913996433,1.32563047862074
1,1358.02,81.8475584,68.2519693083732,1.32562603555657
1,1360,81.8555392,68.2514827297147,1.32562189460837
1,1361,81.85904,68.251269291907,1.32562007815004
1,1363,81.8515392,68.2517266038412,1.32562397007146
1,1365,81.8473728,68.2519806242038,1.32562613185694
1,1367,81.8476416,68.2519642357603,1.32562599238742
1,1368,81.8523392,68.2516778289352,1.32562355498011
1,1370,81.8607232,68.2511666703476,1.32561920478457
1,1372,81.8545472,68.251543210404,1.32562240932469
1,1374,81.83232,68.2528983843106,1.32563394203509
1,1375,81.8509312,68.2517636727967,1.32562428554046
1,1377,81.8475776,68.2519681377702,1.32562602559446
1,1379,81.8816896,68.2498884030791,1.32560832566958
1,1381,81.8464128,68.2520391543964,1.32562662996174
1,1382,81.8545664,68.2515420398095,1.32562239936245
1,1383.9,81.8676992,68.2507413585646,1.32561558510305
1,1386,81.8672192,68.2507706230386,1.32561583416525
1,1387,81.8651136,68.2508989967025,1.32561692671541
1,1389,81.8440256,68.2521846997272,1.32562786857841
1,1391,81.8654272,68.2508798772029,1.32561676399545
1,1394,81.8893632,68.2494205704295,1.32560434385757
1,1396,81.86752,68.2507522839665,1.3256156780863
1,1398,81.8532736,68.2516208598961,1.32562307015261
1,1400,81.8792448,68.2500374547948,1.32560959425797
1,1401,81.8715648,68.2505056825307,1.32561357931377
1,1403.01,81.8887872,68.2494556870133,1.32560464274457
1,1405,81.8916928,68.2492785435707,1.32560313502235
1,1406,81.8640384,68.2509645493196,1.32561748461167
1,1409.89,81.867936,68.2507269214295,1.32561546223228
1,1412,81.8850176,68.2496855060613,1.32560659878581
1,1413,81.8755968,68.2502598625057,1.32561148716677
1,1417,81.8895552,68.2494088649062,1.3256042442285
1,1419,81.8816448,68.2498911343899,1.32560834891602
1,1420.28,81.8985216,68.2488622195576,1.32559959151003
1,1422,81.894976,68.2490783799247,1.32560143135256
1,1424,81.8876352,68.2495259202436,1.32560524051759
1,1425,81.8781504,68.2501041770199,1.32561016213199
1,1427,81.9011072,68.2487045868654,1.32559824981193
1,1429,81.9045056,68.248497401963,1.32559648633232
1,1431,81.9031296,68.2485812903009,1.32559720036028
1,1432,81.9142912,68.2479008227608,1.3255914083769
1,1436,81.8900288,68.2493799912921,1.32560399847663
1,1438,81.8850176,68.2496855060613,1.32560659878581
1,1441,81.9063232,68.2483865915042,1.32559554314831
1,1443,81.8999488,68.2487752093809,1.32559885092007
1,1445,81.9062784,68.2483893227455,1.32559556639584
1,1446.16,81.9006592,68.2487318994304,1.32559848228485
1,1448,81.8968064,68.2489667880117,1.32560048154371
1,1450,81.9118208,68.248051430152,1.32559269032883
1,1451,81.9007104,68.2487287779938,1.32559845571653
1,1453,81.889024,68.249441250193,1.32560451986885
1,1455,81.909568,68.2481887719425,1.32559385935744
1,1457,81.909696,68.2481809684231,1.32559379293549
1,1460,81.893888,68.2491447108822,1.32560199592268
1,1462,81.8945856,68.2491021810244,1.32560163393374
1,1464,81.8956928,68.24903467957,1.32560105939984
1,1465.27,81.9090432,68.2482207663828,1.32559413168724
1,1467,81.9410048,68.2462722586034,1.32557754563934
1,1469,81.8983168,68.2488747053334,1.32559969778286
1,1470,81.890816,68.2493319986944,1.32560358999668
1,1472.15,81.902368,68.2486277215719,1.32559759556565
1,1474,81.8874688,68.2495360650504,1.32560532686247
1,1477,81.9004928,68.2487420441006,1.32559856863188
1,1479,81.9013824,68.2486878091532,1.32559810700704
1,1482.54,81.8964544,68.2489882479786,1.32560066419952
1,1484,81.8797376,68.2500074103087,1.32560933854822
1,1486,81.9093376,68.24820281828,1.3255939789169
1,1488,81.9165248,68.2477646521607,1.32559024930116
1,1489,81.907072,68.2483409407772,1.32559515458211
1,1491,81.8967488,68.2489702996421,1.32560051143286
1,1493,81.8957696,68.249029997391,1.32560101954774
1,1495,81.8574592,68.2513656704923,1.32562089838044
1,1496,81.8488448,68.2518908780213,1.32562536809445
1,1498,81.86368,68.2509864002081,1.32561767057683
1,1502,81.8700352,68.2505989383322,1.32561437299706
1,1503,81.8661632,68.2508350049324,1.32561638210129
1,1505,81.8526144,68.2516610503769,1.32562341218854
1,1507,81.85536,68.251493655254,1.32562198758945
1,1509,81.859488,68.2512419781665,1.32561984569562
1,1510,81.8698112,68.2506125950519,1.32561448922664
1,1512,81.8597568,68.2512255899283,1.32561970622288
1,1514,81.8819712,68.2498712348428,1.32560817954908
1,1515,81.8522944,68.2516805603289,1.32562357822524
1,1517,81.8757696,68.2502493273847,1.32561139750297
1,1521,81.8712832,68.2505228509517,1.32561372543137
1,1522,81.8516992,68.2517168488567,1.32562388705324
1,1526,81.8709824,68.2505411899524,1.32561388151145
1,1527.53,81.871328,68.2505201196117,1.3256137021854
1,1529,81.864256,68.2509512827126,1.32561737170418
1,1531,81.8444672,68.2521577757649,1.32562763945135
1,1533,81.8560384,68.2514522942946,1.32562163558946
1,1534.41,81.8553792,68.2514924846604,1.3256219776272
1,1536,81.8602688,68.2511943742491,1.32561944056032
1,1537.92,81.8508928,68.2517660139947,1.32562430546481
1,1540,81.8260864,68.253278447313,1.32563717628621
1,1541,81.8253632,68.2533225410232,1.32563755150997
1,1543,81.8325248,68.2528858976827,1.32563383577567
1,1544.8,81.8360064,68.2526736254126,1.32563202935919
1,1547,81.844352,68.252164799406,1.32562769922365
1,1548,81.847872,68.2519501885266,1.32562587284207
1,1550,81.8290432,68.2530981707169,1.32563564218012
1,1552,81.8280512,68.2531586530633,1.32563615687036
1,1553,81.8404224,68.2524043841106,1.3256297381151
1,1555,81.820512,68.2536183209229,1.32564006848428
1,1557,81.8614784,68.2511206272726,1.32561881293147
1,1559,81.8750528,68.2502930286397,1.32561176944152
1,1560,81.8965888,68.2489800541721,1.32560059445823
1,1562,81.9061184,68.2483990771793,1.32559564942273
1,1564,81.9514112,68.2456378564723,1.32557214515746
1,1566,81.9543808,68.2454568229219,1.32557060404083
1,1567,81.9752576,68.2441841415426,1.32555976947815
1,1569,81.9603968,68.2450900756229,1.32556748192427
1,1571,82.0198656,68.2414648623125,1.32553661753748
1,1572,82.0355776,68.2405070972791,1.32552846240227
1,1574,82.052096,68.2395001928591,1.3255198884501
1,1576,82.0399168,68.2402425930186,1.3255262101466
1,1578,82.0772992,68.2379639262738,1.32550680609038
1,1579,82.0655168,68.2386821200662,1.32551292212219
1,1581,82.063872,68.2387823792114,1.32551377589731
1,1583,82.0739136,68.2381702939362,1.32550856350852
1,1585,82.0832832,68.2375991761237,1.32550369985091
1,1586,82.0758912,68.2380497501666,1.32550753696509
1,1588,82.118848,68.2354313974793,1.32548523775642
1,1589.79,82.1269824,68.234935593198,1.32548101491993
1,1592,82.0939328,68.2369500434725,1.32549817165341
1,1593,82.129504,68.2347818986187,1.32547970586051
1,1595,82.1026368,68.2364195076734,1.32549365333147
1,1597,82.1053184,68.2362560567977,1.32549226127448
1,1598,82.1177984,68.2354953725291,1.32548578263376
1,1600.18,82.1279552,68.2348762998103,1.32548050990283
1,1602,82.1346944,68.2344655387033,1.32547701130464
1,1604,82.1219072,68.2352449340108,1.32548364963207
1,1605,82.123968,68.2351193250612,1.32548257980248
1,1607.06,82.1342592,68.2344920645003,1.32547723723637
1,1609,82.1282752,68.2348567954195,1.32548034377858
1,1611,82.1232448,68.23516340519,1.32548295524005
1,1612,82.143616,68.2339217624967,1.32547237966276
1,1614,82.1089344,68.2360356523967,1.32549038414577
1,1617,82.1299456,68.2347549826042,1.32547947660834
1,1619,82.1505792,68.2334973552856,1.32546876466787
1,1621,82.1286976,68.2348310496335,1.32548012449442
1,1623,82.132704,68.2345868553135,1.32547804460851
1,1624,82.1478144,68.2336658695476,1.32547020003925
1,1626,82.1453888,68.2338137100031,1.32547145930558
1,1628,82.135904,68.2343918126538,1.32547638334634
1,1630,82.137568,68.2342903907259,1.325475519486
1,1631,82.1348928,68.2344534460645,1.32547690830629
1,1633,82.1438528,68.2339073294807,1.32547225672714
1,1636,82.141664,68.2340407374933,1.32547339304883
1,1638,82.1336448,68.2345295127046,1.32547755619849
1,1640,82.134112,68.2345010364637,1.32547731365441
1,1642,82.1383232,68.2342443608317,1.3254751274254
1,1643,82.1265792,68.2349601687644,1.32548122423596
1,1645,82.1300032,68.2347514718206,1.32547944670587
1,1647,82.1355648,68.2344124871452,1.32547655944061
1,1649,82.1464,68.2337520772616,1.3254709343351
1,1650,82.1285504,68.2348400216485,1.32548020091165
1,1652.05,82.1309056,68.2346964695716,1.32547897823339
1,1654,82.139264,68.234187018556,1.32547463901013
1,1656,82.1262912,68.2349777227466,1.3254813737473
1,1657,82.1038912,68.2363430484961,1.32549300215534
1,1659,82.1390528,68.2341998913069,1.32547474865445
1,1661,82.1441984,68.2338862650853,1.3254720773075
1,1662.44,82.1256,68.2350198523253,1.3254817325742
1,1664,82.1253632,68.2350342856138,1.32548185550552
1,1666,82.1400192,68.2341409887425,1.32547424694826
1,1668,82.1223936,68.2352152871538,1.32548339712609
1,1669.32,82.1184704,68.2354544128855,1.32548543377949
1,1671,82.1291136,68.2348056939461,1.32547990853256
1,1673,82.113472,68.2357590752969,1.32548802858005
1,1675,82.142592,68.2339841755797,1.3254729112756
1,1678,82.1153472,68.2356447779464,1.32548705511745
1,1680,82.1156416,68.2356268336727,1.32548690228682
1,1682,82.1471872,68.2337040973871,1.32547052565485
1,1683,82.1425024,68.2339896367276,1.32547295779167
1,1685,82.1274496,68.2349071167609,1.32548077237894
1,1687,82.1351552,68.2344374525783,1.3254767720826
1,1689,82.1393728,68.23418038714,1.32547458252667
1,1690,82.1276224,68.2348965843836,1.32548068267195
1,1692,82.1180096,68.2354824994952,1.3254856729939
1,1694,82.1261888,68.2349839641638,1.32548142690687
1,1695.59,82.1342336,68.2344936248416,1.32547725052646
1,1697,82.1288384,68.2348224677073,1.32548005139965
1,1699,82.1044992,68.2363059892367,1.3254926865337
1,1701,82.13392,68.2345127390268,1.32547741333008
1,1703,82.11296,68.2357902828031,1.32548829437128
1,1704,82.1565504,68.2331334129333,1.32546566463852
1,1706,82.1374272,68.2342989725746,1.32547559258198
1,1708,82.1311808,68.2346796958463,1.32547883536573
1,1709.49,82.123968,68.2351193250612,1.32548257980248
1,1711,82.1501376,68.2335242707256,1.32546899392909
1,1713,82.1239296,68.2351216655982,1.32548259973723
1,1715,82.1410624,68.2340774052456,1.32547370537033
1,1716.37,82.1287488,68.2348279289329,1.3254800979145
1,1718,82.1499648,68.2335348028577,1.32546908363994
1,1719.88,82.1451136,68.2338304834819,1.32547160217711
1,1722,82.117632,68.2355055149214,1.32548586901665
1,1725,82.1281344,68.2348653773506,1.32548041687327
1,1727,82.1357952,68.2343984440937,1.32547643982942
1,1729,82.1351552,68.2344374525783,1.3254767720826
1,1730,82.139136,68.2341948202229,1.32547470546124
1,1732,82.1295552,68.2347787779207,1.32547967928056
1,1734,82.1275008,68.2349039960563,1.3254807457991
1,1735,82.156736,68.2331221007205,1.3254655682812
1,1737,82.1320896,68.234624303578,1.32547836356968
1,1739,82.1161664,68.2355948460677,1.32548662984941
1,1741,82.113856,68.2357356696781,1.32548782923646
1,1742,82.1278336,68.2348837114805,1.32548057303002
1,1744,82.1294464,68.2347854094041,1.32547973576296
1,1746,82.117568,68.235509415842,1.32548590224084
1,1748,82.111296,68.2358917073125,1.32548915819098
1,1749.27,82.1417536,68.2340352763407,1.32547334653283
1,1751,82.1189248,68.2354267163808,1.3254851978873
1,1753,82.1302656,68.2347354782535,1.32547931048346
1,1754,82.1170432,68.2355414034006,1.32548617467898
1,1756.15,82.1376192,68.234287270054,1.32547549290564
1,1758,82.1303552,68.2347300170365,1.32547926396847
1,1760,82.1305664,68.2347171441698,1.32547915432598
1,1761,82.1429056,68.2339650615661,1.32547274846928
1,1763,82.13888,68.2342104235597,1.32547483836341
1,1767,82.1246592,68.2350771954114,1.32548222097671
1,1768,82.1268864,68.2349414445224,1.3254810647571
1,1770,82.1293504,68.2347912607136,1.32547978560035
1,1772,82.1299264,68.2347561528654,1.32547948657583
1,1774,82.1197568,68.2353760045044,1.32548476597149
1,1775,82.111456,68.2358819549483,1.32548907513152
1,1777,82.1251904,68.2350448180158,1.32548194521213
1,1779,82.12896,68.2348150560448,1.32547998827234
1,1780,82.1220224,68.2352379123854,1.32548358982804
1,1782,82.1227712,68.2351922718409,1.32548320110154
1,1784,82.1419136,68.2340255242836,1.32547326346853
1,1785.54,82.1232,68.2351661358186,1.32548297849723
1,1787,82.128192,68.2348618665605,1.3254803869709
1,1789,82.1164864,68.235575341439,1.3254864637289
1,1791,82.1007104,68.2365369273174,1.3254946533489
1,1793,82.1155136,68.2356346355301,1.32548696873493
1,1794,82.1116928,68.2358675214521,1.32548895220346
1,1796,82.1283712,68.2348509441035,1.32548029394129
1,1798,82.120512,68.2353299737621,1.32548437392424
1,1799,82.1246848,68.2350756350546,1.32548220768685
1,1801,82.1242816,68.2351002106793,1.32548241700196
1,1803,82.129248,68.234797502111,1.32547983876024
1,1805,82.1295552,68.2347787779207,1.32547967928056
1,1806,82.1327488,68.2345841247118,1.32547802135091
1,1808,82.10784,68.2361023587744,1.32549095226928
1,1810,82.1387968,68.2342154946451,1.3254748815566
1,1812,82.14,68.2341421589915,1.32547425691594
1,1814,82.106656,68.236174526578,1.32549156690449
1,1815,82.1230912,68.2351727673455,1.32548303497894
1,1817,82.1181696,68.2354727471987,1.32548558993336
1,1819,82.1268288,68.2349449553173,1.32548109465939
1,1820.5,82.1083776,68.2360695907198,1.32549067319121
1,1822,82.1477248,68.233671330666,1.32547024655579
1,1824,82.1077376,68.2361086003107,1.32549100542697
1,1826,82.1160064,68.2356045983844,1.32548671290963
1,1827.38,82.1149696,68.2356677934361,1.32548725113921
1,1829,82.1014272,68.2364932362597,1.32549428124982
1,1831,82.1186048,68.2354462209602,1.32548536400858
1,1833,82.1094336,68.2360052249512,1.32549012500132
1,1834,82.1019456,68.2364616382828,1.32549401214213
1,1836,82.1214208,68.2352745808826,1.32548390213782
1,1838,82.1278912,68.2348802006892,1.32548054312767
1,1840,82.124224,68.2351037214837,1.3254824469041
1,1841,82.120704,68.2353182710368,1.32548427425112
1,1843,82.1261696,68.2349851344296,1.32548143687429
1,1846,82.131616,68.2346531699648,1.32547860943533
1,1848,82.1222976,68.235221138506,1.32548344696281
1,1852,82.1255808,68.2350210225918,1.3254817425416
1,1853,82.1170304,68.2355421835852,1.32548618132381
1,1855,82.1004992,68.2365498005816,1.32549476298514
1,1856.77,82.1453248,68.2338176108117,1.32547149253152
1,1858.5180,82.1367808,68.2343383710778,1.32547592815874
1,1860,82.1247168,68.2350736846086,1.32548219107454
1,1862,82.1370176,68.2343239379597,1.32547580522473
1,1864,82.1377024,68.2342821989625,1.32547544971254
1,1866,82.1340416,68.2345053274032,1.32547735020216
1,1867,82.1461248,68.2337688507228,1.32547107720691
1,1871,82.1545152,68.2332574573411,1.32546672124414
1,1872,82.1284544,68.2348458729634,1.32548025074896
1,1874,82.0845568,68.2375215450997,1.32550303873226
1,1876,82.091104,68.2371224686356,1.32549964009185
1,1878,82.116448,68.2355776819941,1.32548648366337
1,1879,82.1291328,68.2348045236839,1.32547989856509
1,1881,82.114752,68.2356810566036,1.32548736410083
1,1882.76,82.1087808,68.2360450146907,1.32549046388247
1,1885,82.0949696,68.2368868470459,1.32549763344547
1,1886,82.1522048,68.2333982753657,1.32546792071912
1,1889.64,82.1102912,68.235952952197,1.32548967980386
1,1891.3870,82.1391552,68.2341936499728,1.32547469549357
1,1894.0881,82.1563264,68.2331470656069,1.32546578093179
1,1896.0629,82.1235328,68.2351458511525,1.32548280572958
1,1898.0376,82.1464,68.2337520772616,1.3254709343351
1,1900.0014,82.1259456,68.2349987875322,1.32548155316081
1,1901.0761,82.1213056,68.2352816025124,1.32548396194178
